teamId,oEff,dEff,eFG,FG%,3P%,FT%,3PP,FTA,OR,DR,TO,TOF,POS,season
1102_2004,1.136210384356035,0.9521240728253538,0.6843670348343246,0.4825828377230246,0.38102893890675243,0.7090909090909091,0.42195845697329376,15.714285714285714,6.142857142857143,15.357142857142858,10.785714285714286,16.428571428571427,52.96428571428572,2004
1103_2004,1.0788314896359146,1.0847384813661263,0.582774798927614,0.46648793565683644,0.36268343815513626,0.6453488372093024,0.25833748133399703,24.571428571428573,11.214285714285714,22.357142857142858,14.607142857142858,13.535714285714286,66.50714285714285,2004
1104_2004,1.0988664987405543,1.026448362720403,0.5827586206896552,0.4526645768025078,0.38333333333333336,0.6987381703470031,0.29656160458452724,21.862068965517242,11.310344827586206,24.0,13.275862068965518,13.448275862068966,65.7103448275862,2004
1105_2004,0.9824288903989905,1.0329094262692944,0.515485407980941,0.40798094103633115,0.31746031746031744,0.688953488372093,0.26679841897233203,23.724137931034484,12.517241379310345,23.96551724137931,16.17241379310345,16.06896551724138,71.04137931034482,2004
1106_2004,0.9717389011916062,0.9585574185384373,0.5359097127222983,0.4220246238030096,0.33400402414486924,0.6572700296735905,0.2702116115029843,22.466666666666665,11.7,22.766666666666666,17.2,15.333333333333334,63.21999999999999,2004
1107_2004,0.897961444715267,1.0198315976069134,0.4912926992632284,0.40053583389149366,0.2967032967032967,0.7379134860050891,0.2498457742134485,14.035714285714286,10.214285714285714,22.5,15.75,14.214285714285714,64.47142857142858,2004
1108_2004,0.9331924740919608,1.0554381728544118,0.5319078947368421,0.425,0.351409978308026,0.6773648648648649,0.26199460916442047,20.413793103448278,11.344827586206897,21.82758620689655,19.310344827586206,14.620689655172415,68.5448275862069,2004
1110_2004,1.046104610461046,1.008100810081008,0.5675593426658552,0.4418746195982958,0.3678571428571429,0.67601246105919,0.2954110898661568,20.70967741935484,11.0,23.419354838709676,14.225806451612904,14.387096774193548,64.50967741935484,2004
1111_2004,0.9498241946213057,1.0139694003611137,0.5153118040089086,0.40757238307349664,0.3260135135135135,0.6404494382022472,0.2896448224112056,18.413793103448278,13.344827586206897,21.06896551724138,16.620689655172413,19.310344827586206,72.57241379310345,2004
1112_2004,1.1704482567791925,1.0486995019369123,0.5986737400530504,0.48488063660477454,0.38420107719928187,0.786053882725832,0.25295508274231676,21.75862068965517,13.89655172413793,25.689655172413794,14.96551724137931,15.620689655172415,74.77241379310342,2004
1113_2004,1.0657572205051686,1.1019929660023444,0.5390520694259012,0.43124165554072097,0.3368200836820084,0.7352150537634409,0.2415,27.555555555555557,12.11111111111111,23.48148148148148,15.11111111111111,14.074074074074074,69.50370370370372,2004
1114_2004,1.054800882387089,1.0101010101010097,0.5306345733041575,0.43544857768052514,0.3217821782178218,0.7155297532656023,0.21463951568519538,26.5,12.692307692307692,22.846153846153847,15.615384615384615,16.53846153846154,66.25384615384618,2004
1115_2004,0.7540106951871658,1.0737967914438502,0.43602693602693604,0.3441077441077441,0.2792607802874743,0.6379746835443038,0.28936170212765955,14.62962962962963,10.814814814814815,23.85185185185185,19.22222222222222,13.555555555555555,69.25925925925925,2004
1116_2004,1.0250957039557633,1.0213738834538493,0.5270104358502149,0.4162062615101289,0.31413612565445026,0.6793760831889082,0.2800829875518672,20.607142857142858,13.035714285714286,21.5,13.785714285714286,16.535714285714285,67.17142857142858,2004
1117_2004,1.0692498870311795,1.0274514234071397,0.5655906593406593,0.43956043956043955,0.3560311284046693,0.7337883959044369,0.2900158478605388,22.53846153846154,12.653846153846153,23.846153846153847,15.73076923076923,15.192307692307692,68.09230769230768,2004
1119_2004,0.7849764060706541,1.024741742124729,0.48100706713780916,0.35600706713780916,0.33254716981132076,0.6635514018691588,0.3436230706742486,17.12,6.48,21.36,17.08,14.16,62.72800000000001,2004
1120_2004,1.056375983615393,0.989544033631562,0.5541301627033792,0.4380475594493116,0.3406998158379374,0.6625441696113075,0.28316326530612246,20.214285714285715,14.821428571428571,22.321428571428573,15.928571428571429,16.392857142857142,66.2642857142857,2004
1122_2004,1.0090970350404311,0.9619272237196764,0.5410677618069816,0.43121149897330596,0.32064128256513025,0.6892138939670932,0.2671118530884808,19.535714285714285,10.0,24.178571428571427,13.607142857142858,13.428571428571429,63.60000000000001,2004
1123_2004,1.0386243386243386,1.0497354497354496,0.5106316447779863,0.4202626641651032,0.3388235294117647,0.7364341085271318,0.22007131940906777,23.035714285714285,11.75,23.25,12.928571428571429,14.571428571428571,67.50000000000001,2004
1124_2004,0.9897671136203244,1.115619854151964,0.5261115031757233,0.41566690190543404,0.30952380952380953,0.6966067864271457,0.27807486631016043,18.555555555555557,12.185185185185185,19.48148148148148,15.25925925925926,13.925925925925926,62.97777777777779,2004
1125_2004,1.083351166274342,0.9811684142948857,0.631217277486911,0.45287958115183247,0.35555555555555557,0.6923076923076923,0.40296296296296297,19.035714285714285,9.785714285714286,23.357142857142858,14.357142857142858,16.071428571428573,66.75714285714285,2004
1126_2004,0.9082705170400253,1.029302473723325,0.5051646223369916,0.39122014202711425,0.3154121863799283,0.6991341991341992,0.3085914669783752,15.931034482758621,10.724137931034482,21.24137931034483,15.89655172413793,16.137931034482758,64.95862068965519,2004
1127_2004,0.9291533463957924,0.9719500876559759,0.5109748224661071,0.4067140090380891,0.3169291338582677,0.639261744966443,0.26803551609322973,19.866666666666667,11.9,23.333333333333332,16.966666666666665,15.5,64.64666666666668,2004
1128_2004,1.121309848672786,1.020218308112131,0.6494885916601102,0.4775767112509835,0.43339960238568587,0.6950092421441775,0.36172566371681414,21.64,10.88,23.76,15.88,14.4,64.496,2004
1129_2004,1.0877494099978544,1.0121218622613173,0.5611216131064902,0.4417139256458727,0.3474264705882353,0.739424703891709,0.27958579881656803,21.107142857142858,11.357142857142858,22.571428571428573,12.821428571428571,14.214285714285714,66.58571428571429,2004
1130_2004,1.0783256543476132,0.9999019703950595,0.5239625949736996,0.45353594389246055,0.3191489361702128,0.6786632390745502,0.16363636363636364,24.3125,12.8125,23.71875,13.375,14.03125,63.75624999999999,2004
1131_2004,1.0564806480648063,0.9259675967596759,0.5443159922928709,0.43352601156069365,0.3339805825242718,0.6926070038910506,0.2747603833865815,18.357142857142858,11.607142857142858,23.428571428571427,12.142857142857142,15.75,63.48571428571429,2004
1132_2004,1.05178497301785,1.0782482357824825,0.5730974632843792,0.445260347129506,0.3694390715667311,0.7687595712098009,0.28268376911692156,22.517241379310345,10.448275862068966,23.20689655172414,16.24137931034483,12.931034482758621,66.4551724137931,2004
1133_2004,0.9820186767335585,1.0118219749652295,0.5218078381795196,0.40391908975979773,0.32978723404255317,0.7245762711864406,0.2822458270106222,23.6,10.7,23.1,15.633333333333333,15.833333333333334,67.10666666666667,2004
1135_2004,1.0140584132519617,1.0314952048823018,0.5830519918973667,0.44699527346387574,0.3701657458563536,0.702928870292887,0.32401934443847397,18.384615384615383,8.961538461538462,23.423076923076923,15.23076923076923,16.5,70.58461538461538,2004
1137_2004,0.9988432620011567,0.9606709080393291,0.5601051840721262,0.46205860255447034,0.30162412993039445,0.6612612612612613,0.225825130283729,20.555555555555557,9.851851851851851,23.22222222222222,16.37037037037037,15.148148148148149,64.03703703703704,2004
1138_2004,1.086847891265241,1.0353787727363584,0.5742959856201318,0.46195326542840026,0.3785425101214575,0.6726998491704375,0.2579310344827586,22.862068965517242,12.724137931034482,23.06896551724138,15.03448275862069,16.586206896551722,69.00689655172413,2004
1139_2004,1.0666982024597913,1.035359508041627,0.5710963455149501,0.413953488372093,0.34202898550724636,0.7612293144208038,0.3924611973392461,14.586206896551724,9.655172413793103,19.93103448275862,10.241379310344827,12.551724137931034,58.31724137931037,2004
1140_2004,1.1139689071787837,1.0088020118884318,0.5909090909090909,0.4867573371510379,0.34523809523809523,0.729064039408867,0.22319138019497178,22.555555555555557,9.962962962962964,23.444444444444443,14.0,14.666666666666666,64.8,2004
1141_2004,0.9645554909936085,1.117567305829944,0.5583333333333333,0.4283950617283951,0.3553299492385787,0.6758147512864494,0.31626506024096385,20.103448275862068,9.96551724137931,21.448275862068964,17.275862068965516,16.689655172413794,71.21379310344827,2004
1142_2004,1.009535425213438,1.0555493957201463,0.5512211668928086,0.44097693351424694,0.3333333333333333,0.6943907156673114,0.26688632619439867,19.884615384615383,10.307692307692308,23.03846153846154,15.038461538461538,15.461538461538462,69.37692307692308,2004
1143_2004,1.015506397744524,1.0209282151377141,0.5197538860103627,0.4371761658031088,0.3097560975609756,0.6275752773375595,0.203416978109984,22.535714285714285,12.357142857142858,22.785714285714285,14.071428571428571,14.392857142857142,65.87142857142858,2004
1144_2004,0.9196198772520294,1.142348049891111,0.48519163763066203,0.3943089430894309,0.29942418426103645,0.6602687140115163,0.2518837459634015,19.296296296296298,13.62962962962963,23.444444444444443,16.962962962962962,16.555555555555557,74.82962962962962,2004
1145_2004,1.0090955027791813,1.0596260737746335,0.5550647820965842,0.43404004711425204,0.387523629489603,0.6235294117647059,0.30796194291437157,17.586206896551722,12.172413793103448,25.0,14.827586206896552,13.068965517241379,68.24137931034484,2004
1147_2004,1.0471888743611075,1.0477831926779981,0.5661875945537065,0.46520423600605143,0.35185185185185186,0.7137745974955277,0.2264472190692395,21.5,9.961538461538462,19.846153846153847,15.23076923076923,14.615384615384615,64.71538461538464,2004
1148_2004,1.066731349719707,1.047326433807676,0.5666877370417194,0.46270543615676357,0.3744292237442922,0.6405109489051095,0.24861040929762507,19.571428571428573,13.142857142857142,21.714285714285715,15.071428571428571,15.25,66.25714285714284,2004
1149_2004,0.9115248874285019,1.0423512230741148,0.513785394932936,0.4202682563338301,0.3056234718826406,0.6430446194225722,0.25033377837116155,14.653846153846153,9.807692307692308,21.46153846153846,15.538461538461538,14.0,63.207692307692305,2004
1150_2004,1.1095573343620408,0.9991320281608642,0.5801373783629078,0.45048654836863194,0.3434650455927052,0.6447876447876448,0.29465449804432853,26.79310344827586,14.758620689655173,26.17241379310345,15.310344827586206,15.655172413793103,71.5103448275862,2004
1151_2004,1.1179140715718356,1.0952179879657975,0.6081168831168832,0.4785714285714286,0.36313868613138683,0.7367549668874173,0.2818696883852691,22.37037037037037,11.851851851851851,22.555555555555557,16.037037037037038,15.0,70.17037037037038,2004
1152_2004,1.0167693706434993,1.1142539650469745,0.5147768395657418,0.43003618817852834,0.36082474226804123,0.6962616822429907,0.20864381520119224,20.70967741935484,11.612903225806452,19.258064516129032,13.709677419354838,14.64516129032258,63.86451612903225,2004
1153_2004,1.1407238924050633,0.9330498417721519,0.5800902425267908,0.45741680767061477,0.38475177304964536,0.6676176890156919,0.28218465539661897,23.366666666666667,13.133333333333333,24.133333333333333,12.1,17.066666666666666,67.41333333333334,2004
1154_2004,0.8446455505279036,1.094142785319256,0.47867479055597867,0.36405178979436403,0.2901353965183752,0.6938775510204082,0.33482142857142855,14.291666666666666,11.5,21.875,17.375,14.833333333333334,66.3,2004
1155_2004,0.9673855865334035,1.0447133087848501,0.5209441489361702,0.4315159574468085,0.32057416267942584,0.6310077519379845,0.21859706362153344,23.035714285714285,14.214285714285714,23.285714285714285,19.178571428571427,14.071428571428571,67.89285714285714,2004
1156_2004,0.9299698795180723,1.0864888123924268,0.5060281312793035,0.40522438044206294,0.3080082135523614,0.643979057591623,0.26026604973973394,21.22222222222222,12.74074074074074,22.37037037037037,17.814814814814813,14.481481481481481,68.85925925925926,2004
1157_2004,1.006401909722222,1.011284722222222,0.5468346253229974,0.43023255813953487,0.37267080745341613,0.7028688524590164,0.29110512129380056,18.074074074074073,12.62962962962963,24.296296296296298,16.333333333333332,14.925925925925926,68.26666666666667,2004
1158_2004,1.055703460987098,0.9824902723735408,0.5855099502487562,0.4427860696517413,0.3735725938009788,0.7076124567474048,0.3331716779825412,20.642857142857142,10.464285714285714,25.142857142857142,14.535714285714286,15.5,69.75714285714285,2004
1159_2004,1.009980719065442,1.0593172280821144,0.5391099123398516,0.42144302090357383,0.3515151515151515,0.6918604651162791,0.29309376754632227,19.11111111111111,10.851851851851851,22.444444444444443,13.592592592592593,13.666666666666666,65.3111111111111,2004
1160_2004,1.0842002600780234,1.0435630689206763,0.583555259653795,0.4627163781624501,0.3834745762711864,0.6286549707602339,0.27136431784107945,25.333333333333332,12.296296296296296,26.333333333333332,14.88888888888889,12.62962962962963,68.35555555555555,2004
1161_2004,1.0153974198918017,1.0575322513524759,0.5443520443520443,0.4539154539154539,0.33766233766233766,0.7150837988826816,0.19979508196721313,25.571428571428573,10.25,24.607142857142858,17.142857142857142,13.071428571428571,68.65714285714287,2004
1162_2004,0.9681888716470848,1.0291509643094656,0.5801005747126436,0.4331896551724138,0.3813084112149533,0.707983193277311,0.35031482541499714,18.307692307692307,10.23076923076923,22.692307692307693,18.76923076923077,17.153846153846153,69.4,2004
1163_2004,1.1428321219020932,0.9238987652158684,0.5832123850991775,0.48089017900338654,0.40037950664136623,0.616191904047976,0.2425287356321839,20.21212121212121,15.303030303030303,29.484848484848484,13.787878787878787,12.424242424242424,69.2060606060606,2004
1164_2004,0.9795045269127455,0.9690578051935135,0.535258358662614,0.4085106382978723,0.3623693379790941,0.6693418940609952,0.3169121381411884,19.46875,11.40625,22.875,15.03125,15.375,62.81874999999997,2004
1165_2004,1.0319424136767517,1.0392531773703746,0.5393595730486991,0.42361574382921946,0.3326923076923077,0.6782006920415224,0.28283378746594007,22.23076923076923,12.923076923076923,24.423076923076923,14.76923076923077,15.423076923076923,68.3923076923077,2004
1166_2004,1.0630970895356588,0.9558986891801823,0.5672097759674134,0.45417515274949083,0.3789954337899543,0.6996587030716723,0.2601880877742947,20.928571428571427,10.464285714285714,24.035714285714285,13.785714285714286,14.142857142857142,64.3,2004
1168_2004,1.0353095030514383,1.0827157802964253,0.541030534351145,0.4211195928753181,0.3664717348927875,0.6830985915492958,0.2968421052631579,21.037037037037038,14.518518518518519,23.62962962962963,15.851851851851851,14.62962962962963,67.97037037037038,2004
1169_2004,1.0055492755112525,1.0271297913883464,0.5454840805717999,0.437946718648473,0.3402061855670103,0.7302631578947368,0.25293817066939195,20.96551724137931,10.793103448275861,18.862068965517242,16.448275862068964,18.862068965517242,67.11034482758622,2004
1170_2004,1.00164744645799,1.0274574409665018,0.5324044069993519,0.3966299416720674,0.3584905660377358,0.6741379310344827,0.34375,22.307692307692307,12.653846153846153,23.03846153846154,14.423076923076923,16.307692307692307,70.03846153846155,2004
1171_2004,0.8850799072831524,1.0772233744052704,0.5230829420970265,0.3998435054773083,0.32238193018480493,0.7139107611548556,0.3246037215713301,14.653846153846153,6.1923076923076925,22.423076923076923,14.23076923076923,13.076923076923077,63.05384615384615,2004
1172_2004,1.0106910613909401,1.0217127741651053,0.5653819683413627,0.4315209910529938,0.3533697632058288,0.7161410018552876,0.3173391494002181,20.73076923076923,12.038461538461538,25.923076923076923,17.653846153846153,14.346153846153847,69.79230769230769,2004
1173_2004,1.0817666368248287,1.0200935044265396,0.5743851229754049,0.4517096580683863,0.3269230769230769,0.670028818443804,0.2813793103448276,21.6875,12.21875,25.78125,14.28125,10.53125,62.83124999999999,2004
1174_2004,0.9932020393881834,0.9752074377686692,0.5334365325077399,0.43034055727554177,0.3672566371681416,0.6907051282051282,0.2506290890790136,22.285714285714285,12.071428571428571,25.571428571428573,16.928571428571427,16.392857142857142,71.45000000000002,2004
1175_2004,1.0150996814910935,1.0227674884982896,0.5620636152055857,0.44530643910007756,0.33112582781456956,0.6923076923076923,0.26147588611272515,21.821428571428573,9.464285714285714,19.464285714285715,15.25,14.25,60.55,2004
1176_2004,1.0445778958309275,1.054971705739693,0.5558219178082192,0.4321917808219178,0.37735849056603776,0.6898496240601504,0.29850746268656714,20.46153846153846,11.346153846153847,24.076923076923077,13.615384615384615,13.5,66.6076923076923,2004
1177_2004,1.1043008518595474,1.0544359027633494,0.5635308491142333,0.46976175931582165,0.36255924170616116,0.7038834951456311,0.215898400752587,20.6,12.066666666666666,23.766666666666666,13.433333333333334,12.4,64.17333333333332,2004
1178_2004,1.0645972237402994,0.9766094655153569,0.570096463022508,0.4591639871382637,0.34959349593495936,0.6932270916334662,0.2648870636550308,16.733333333333334,11.033333333333333,20.666666666666668,13.5,14.333333333333334,60.99333333333333,2004
1179_2004,0.9880524423768238,1.01977162190738,0.5169381107491857,0.4058631921824104,0.3142329020332717,0.6771300448430493,0.27287319422150885,24.77777777777778,12.666666666666666,20.37037037037037,15.962962962962964,20.666666666666668,70.05925925925926,2004
1180_2004,1.073906644238856,0.9934819175777965,0.5916878172588832,0.4612944162436548,0.38825757575757575,0.6725043782837128,0.3010279001468429,20.392857142857142,9.571428571428571,24.964285714285715,13.071428571428571,14.678571428571429,67.94285714285715,2004
1181_2004,1.159367617663093,0.9444848264582956,0.5946018172100481,0.47140566541956175,0.368,0.7313237221494102,0.27037617554858934,23.84375,13.40625,22.84375,14.1875,17.71875,68.7875,2004
1182_2004,1.0398613518197573,1.0556631664797633,0.5632793017456359,0.4538653366583541,0.33980582524271846,0.6794019933554817,0.25735294117647056,20.75862068965517,10.689655172413794,24.103448275862068,14.724137931034482,13.931034482758621,67.64827586206897,2004
1183_2004,0.9761586181729717,1.099014718404087,0.5238619676945668,0.43832599118942733,0.30606860158311344,0.6973995271867612,0.21682242990654205,17.625,11.458333333333334,22.666666666666668,16.166666666666668,14.291666666666666,68.50833333333334,2004
1184_2004,1.0446323450711763,1.0558707053408969,0.5812625923438549,0.4633982538616521,0.3645833333333333,0.6465798045602605,0.26895491803278687,22.74074074074074,10.88888888888889,22.555555555555557,15.851851851851851,14.851851851851851,69.2074074074074,2004
1185_2004,1.0064897438868927,1.0476300845984468,0.5294336810730254,0.45007451564828616,0.3221884498480243,0.6588785046728972,0.18307426597582038,25.68,11.88,23.28,16.96,15.52,69.03200000000001,2004
1186_2004,1.0603773584905662,1.0318059299191376,0.5963523743977976,0.4769442532690984,0.3760869565217391,0.7034482758620689,0.26385358413828164,20.714285714285715,9.142857142857142,21.178571428571427,15.214285714285714,15.714285714285714,66.24999999999999,2004
1187_2004,1.0311928702010966,0.9866316270566726,0.5226182316655243,0.433173406442769,0.3359173126614987,0.6513470681458003,0.21606648199445982,24.26923076923077,13.346153846153847,25.884615384615383,14.846153846153847,14.038461538461538,67.32307692307694,2004
1189_2004,0.9776565074135088,1.0713550247116967,0.5370820668693009,0.4188449848024316,0.34275618374558303,0.7017167381974249,0.30647709320695105,16.642857142857142,13.464285714285714,22.071428571428573,17.428571428571427,16.25,69.37142857142858,2004
1190_2004,1.0518477147910268,0.9480592013404078,0.5617945823927766,0.463882618510158,0.35450819672131145,0.6773700305810397,0.22964601769911505,22.551724137931036,12.206896551724139,25.517241379310345,16.17241379310345,19.448275862068964,74.08965517241379,2004
1191_2004,1.0067733990147785,1.1099137931034484,0.5898360655737704,0.45311475409836066,0.37142857142857144,0.6619217081850534,0.3180428134556575,19.379310344827587,8.655172413793103,25.17241379310345,15.517241379310345,11.310344827586206,67.19999999999999,2004
1192_2004,1.0342229875161428,1.0261515281962976,0.5447670901391409,0.42528735632183906,0.3450087565674256,0.6919739696312365,0.30749219562955254,16.464285714285715,11.25,21.464285714285715,12.0,15.464285714285714,66.37142857142858,2004
1193_2004,1.0304878048780488,0.9786585365853658,0.5188848920863309,0.42326139088729015,0.3456521739130435,0.7370967741935484,0.23520710059171598,20.666666666666668,12.466666666666667,23.266666666666666,14.2,15.0,65.6,2004
1194_2004,1.0253754531330919,1.046090108751942,0.5426152948044367,0.42790426152948047,0.3493761140819964,0.6556701030927835,0.296969696969697,18.653846153846153,14.692307692307692,23.576923076923077,15.615384615384615,16.807692307692307,74.26923076923076,2004
1196_2004,1.1293162476768073,1.0143793407023378,0.6299283154121864,0.4826762246117085,0.37962962962962965,0.7525252525252525,0.31961888263317456,19.8,10.233333333333333,24.933333333333334,14.666666666666666,13.566666666666666,68.15333333333334,2004
1197_2004,1.0143500281373101,1.0406115175389232,0.5657501494321578,0.4136282127913927,0.3469945355191257,0.7133152173913043,0.3522884882108183,24.533333333333335,11.433333333333334,22.533333333333335,16.933333333333334,18.6,71.08,2004
1198_2004,0.8467490328216648,1.0607762386122552,0.4830298013245033,0.396523178807947,0.2826086956521739,0.6427015250544662,0.22991893883566691,18.36,10.88,21.68,19.32,13.96,64.104,2004
1199_2004,1.0510718166551418,0.9557443445618888,0.6006590772917915,0.4397843019772319,0.38450502152080346,0.6889279437609842,0.37781954887218044,18.966666666666665,11.433333333333334,24.1,15.7,16.333333333333332,67.48666666666666,2004
1200_2004,0.9141201264488936,1.0927291886195996,0.5374435119431892,0.40219496449322145,0.3190839694656489,0.5773195876288659,0.36138328530259367,17.321428571428573,10.928571428571429,20.464285714285715,16.464285714285715,15.75,67.78571428571429,2004
1201_2004,1.0382384278442052,1.0275837575470583,0.557920446615492,0.43405443126308446,0.36645962732919257,0.6995798319327731,0.30273660205245156,17.0,11.178571428571429,23.964285714285715,13.535714285714286,9.785714285714286,60.335714285714275,2004
1202_2004,1.0465762561138285,0.9932192085371278,0.5777853260869565,0.45040760869565216,0.350844277673546,0.7074569789674953,0.2979288369622942,20.115384615384617,10.923076923076923,25.76923076923077,15.461538461538462,15.153846153846153,69.19999999999999,2004
1203_2004,1.0937030733807185,1.013114425868455,0.5706979542719615,0.4657039711191336,0.3493975903614458,0.7156105100463679,0.2389016018306636,22.310344827586206,13.068965517241379,23.0,15.724137931034482,16.482758620689655,68.88965517241381,2004
1204_2004,1.0378695828270557,0.9624341838801135,0.5385304659498208,0.4253285543608124,0.33570159857904086,0.6903633491311216,0.27658536585365856,24.346153846153847,14.346153846153847,23.692307692307693,16.192307692307693,20.884615384615383,75.96923076923076,2004
1205_2004,0.9619530071136021,1.0691959474024575,0.5445075757575758,0.4090909090909091,0.3333333333333333,0.7255936675461742,0.3596638655462185,14.037037037037036,11.962962962962964,23.48148148148148,16.40740740740741,13.074074074074074,68.72592592592592,2004
1206_2004,1.034743917447695,0.9755751207043454,0.5596142606662771,0.44476914085330216,0.3373493975903614,0.6792452830188679,0.2689844464775846,22.966666666666665,11.566666666666666,24.133333333333333,15.766666666666667,17.2,70.42,2004
1207_2004,0.9852448723315196,0.9669317706153203,0.5043397396156231,0.4097954122752635,0.34545454545454546,0.7137870855148342,0.2421667551779076,20.464285714285715,12.678571428571429,21.142857142857142,15.142857142857142,18.821428571428573,68.25714285714285,2004
1208_2004,1.0431146828844482,1.0262814943527367,0.5355718085106383,0.4242021276595745,0.33601609657947684,0.7039764359351989,0.260801665799063,23.413793103448278,12.96551724137931,21.75862068965517,15.241379310344827,15.482758620689655,63.50344827586208,2004
1209_2004,1.0856486545613648,1.011266681251367,0.5858355091383812,0.4660574412532637,0.3433395872420263,0.7248062015503876,0.2765743073047859,19.11111111111111,12.037037037037036,24.25925925925926,15.37037037037037,14.666666666666666,67.71851851851854,2004
1210_2004,1.0892125228917764,0.9387808493939129,0.5944860813704497,0.47002141327623126,0.3741935483870968,0.6929347826086957,0.27862289831865494,23.0,11.375,26.09375,15.46875,17.28125,71.66875,2004
1211_2004,1.215019843288898,0.9728299582782131,0.6308868501529052,0.5149847094801223,0.4144736842105263,0.7562408223201175,0.23743718592964824,23.482758620689655,11.551724137931034,27.93103448275862,13.551724137931034,13.0,67.77241379310345,2004
1212_2004,0.9521561221277933,1.0392403735179938,0.5336970474967908,0.42105263157894735,0.360082304526749,0.6153846153846154,0.2892561983471074,19.74074074074074,11.555555555555555,23.962962962962962,16.555555555555557,15.62962962962963,70.60000000000001,2004
1214_2004,0.9898941289701638,1.0144369586140523,0.5422749391727494,0.4349148418491484,0.34108527131782945,0.673134328358209,0.25668449197860965,22.333333333333332,12.166666666666666,23.9,17.7,15.733333333333333,69.26666666666665,2004
1216_2004,0.956803693119367,1.0491316772917125,0.521094264996704,0.4159525379037574,0.3057692307692308,0.6611570247933884,0.2739804709936818,17.285714285714285,11.857142857142858,22.607142857142858,15.75,14.678571428571429,64.98571428571428,2004
1217_2004,0.90523045054376,1.0704298291040915,0.49934426229508194,0.3940983606557377,0.30592734225621415,0.708256880733945,0.2745995423340961,20.185185185185187,12.11111111111111,22.555555555555557,19.074074074074073,16.25925925925926,71.5185185185185,2004
1218_2004,1.0706366803927778,1.0104529616724738,0.5541112454655381,0.4528415961305925,0.33805668016194335,0.7289156626506024,0.2470414201183432,17.17241379310345,12.0,22.20689655172414,13.413793103448276,14.137931034482758,65.31724137931035,2004
1219_2004,0.9899396378269618,0.9904426559356136,0.5301242236024845,0.4496894409937888,0.3200992555831266,0.6306451612903226,0.19664634146341464,22.142857142857142,12.714285714285714,24.035714285714285,17.357142857142858,16.821428571428573,71.0,2004
1220_2004,1.0281873808807303,1.0347075935399739,0.5318471337579618,0.43254198031268093,0.3313953488372093,0.644891122278057,0.2502439024390244,20.586206896551722,15.0,24.0,15.96551724137931,15.275862068965518,68.75172413793103,2004
1221_2004,0.9901914992993929,0.9125408687529192,0.5153688524590164,0.4139344262295082,0.34418604651162793,0.5823223570190641,0.2617924528301887,21.37037037037037,13.296296296296296,21.037037037037038,13.962962962962964,17.074074074074073,63.43703703703704,2004
1222_2004,0.9240770838170421,1.0128859995356398,0.493805918788713,0.3922918100481762,0.30246913580246915,0.6327800829875518,0.2770100502512563,17.85185185185185,11.148148148148149,23.77777777777778,14.0,13.814814814814815,63.807407407407396,2004
1224_2004,0.9050333405033342,0.99053559905356,0.49412915851272016,0.39856490541422046,0.3146551724137931,0.6576200417536534,0.26024955436720143,17.107142857142858,11.25,22.642857142857142,16.071428571428573,15.642857142857142,66.4142857142857,2004
1225_2004,0.9963965931426076,1.0160515396374754,0.4971190781049936,0.4007682458386684,0.3171247357293869,0.7243150684931506,0.2465753424657534,20.137931034482758,11.620689655172415,20.82758620689655,12.862068965517242,15.172413793103448,63.158620689655166,2004
1226_2004,0.9958506224066388,1.1000675480073336,0.5577724836212031,0.45562835020845743,0.3584905660377358,0.6436170212765957,0.24854651162790697,19.448275862068964,7.758620689655173,21.93103448275862,13.551724137931034,16.17241379310345,71.46896551724139,2004
1227_2004,1.0929787448373123,0.9761257177394982,0.5455856895556838,0.45585689555683784,0.3934010152284264,0.6341107871720116,0.21428571428571427,22.129032258064516,13.290322580645162,22.161290322580644,12.580645161290322,16.258064516129032,64.0451612903226,2004
1228_2004,1.1163554278678434,0.9665503796429306,0.5851744186046511,0.4645348837209302,0.3415841584158416,0.6960600375234521,0.2853860294117647,17.766666666666666,12.033333333333333,22.933333333333334,12.566666666666666,14.6,64.97333333333333,2004
1229_2004,0.9853724912121558,1.0443360925274976,0.557347670250896,0.44229390681003583,0.3595505617977528,0.6852589641434262,0.2761795166858458,17.928571428571427,8.821428571428571,21.392857142857142,14.821428571428571,13.714285714285714,62.99285714285713,2004
1231_2004,1.0119431891542932,1.0549817086292232,0.5224201474201474,0.3968058968058968,0.3300970873786408,0.7236842105263158,0.3253588516746411,18.344827586206897,11.793103448275861,23.413793103448278,12.413793103448276,11.96551724137931,64.09655172413792,2004
1232_2004,0.9523530102100692,1.0145522825959394,0.5357648725212465,0.4093484419263456,0.3510848126232742,0.6450892857142857,0.3290203327171904,16.0,9.464285714285714,20.571428571428573,13.5,13.928571428571429,60.864285714285714,2004
1233_2004,1.0161369193154035,1.0616136919315404,0.5363905325443787,0.4437869822485207,0.3458980044345898,0.6542635658914728,0.2252165543792108,22.24137931034483,12.413793103448276,25.82758620689655,15.758620689655173,13.689655172413794,70.51724137931033,2004
1234_2004,1.0392441860465118,1.0008305647840532,0.5670690811535882,0.4580818242790074,0.3673469387755102,0.6666666666666666,0.24275724275724275,25.392857142857142,10.821428571428571,27.035714285714285,16.214285714285715,13.928571428571429,68.8,2004
1235_2004,1.0504414899015528,1.03978483710545,0.5394814378314673,0.4614024749558044,0.3567567567567568,0.6424870466321243,0.19130434782608696,20.678571428571427,13.035714285714286,24.142857142857142,14.535714285714286,15.642857142857142,70.37857142857142,2004
1236_2004,0.9403179876601804,1.118889416231609,0.5216919739696312,0.41720896601590746,0.3070362473347548,0.6463963963963963,0.2725552050473186,17.076923076923077,10.5,22.384615384615383,15.307692307692308,11.5,64.83076923076922,2004
1237_2004,1.1400019886646118,1.0828278810778562,0.5806545879602572,0.4482758620689655,0.3639291465378422,0.7097203728362184,0.29568251199302226,25.033333333333335,12.766666666666667,23.6,12.766666666666667,12.933333333333334,67.04666666666667,2004
1238_2004,0.914160525791675,0.9465245966938857,0.48861480075901326,0.3870967741935484,0.32323232323232326,0.6736214605067065,0.26143790849673204,23.137931034482758,11.689655172413794,23.379310344827587,17.17241379310345,19.551724137931036,69.2551724137931,2004
1239_2004,1.0100563598187642,1.0890706155376282,0.5608484005563282,0.4381084840055633,0.3485148514851485,0.6793760831889082,0.2888402625820569,22.192307692307693,12.307692307692308,22.03846153846154,17.73076923076923,15.423076923076923,69.60769230769232,2004
1240_2004,1.0746822629625463,1.0842424924080531,0.585868830290737,0.46112237998647737,0.36007827788649704,0.6564195298372514,0.28885400313971743,21.26923076923077,11.076923076923077,22.423076923076923,14.076923076923077,14.461538461538462,68.3923076923077,2004
1241_2004,0.987278460367511,1.0894857018593018,0.5205864004990642,0.4117280099812851,0.31464737793851716,0.6909871244635193,0.28744493392070486,16.642857142857142,11.285714285714286,20.25,13.071428571428571,15.035714285714286,65.69285714285715,2004
1242_2004,1.0828683612316594,0.9862574912171936,0.5623464373464373,0.4631449631449631,0.33471933471933474,0.706953642384106,0.23043893129770993,21.571428571428573,12.071428571428571,26.5,14.428571428571429,14.285714285714286,69.12857142857142,2004
1243_2004,1.0420465515392041,0.9841252815617291,0.5248427672955975,0.44528301886792454,0.34332425068119893,0.6808149405772496,0.19454451878538342,21.035714285714285,12.821428571428571,25.285714285714285,14.214285714285714,13.75,66.59285714285714,2004
1245_2004,1.0974073685315417,0.9814212238899966,0.5945863746958637,0.44343065693430656,0.3887147335423197,0.7182835820895522,0.35581061692969873,18.482758620689655,11.275862068965518,23.103448275862068,12.89655172413793,15.758620689655173,65.70344827586209,2004
1246_2004,1.08592357948921,0.9324886161156206,0.5785923753665689,0.46920821114369504,0.3549618320610687,0.6962457337883959,0.2543299908842297,19.533333333333335,11.8,24.033333333333335,14.5,16.0,67.34666666666666,2004
1247_2004,1.0048363860876723,1.07944021403581,0.5172936893203883,0.41322815533980584,0.304270462633452,0.7011686143572621,0.2626728110599078,19.966666666666665,11.633333333333333,21.033333333333335,13.5,13.8,64.78666666666666,2004
1248_2004,1.0843777976723368,1.067591763652641,0.6283345349675559,0.4787310742609949,0.40828402366863903,0.7158081705150977,0.3204334365325077,21.653846153846153,8.692307692307692,25.307692307692307,15.423076923076923,13.26923076923077,68.73846153846154,2004
1249_2004,0.9998940790170532,1.0660946933587543,0.5110361741263029,0.4064990803188228,0.31135531135531136,0.6901408450704225,0.2701271186440678,22.72,13.96,23.36,15.16,19.04,75.528,2004
1250_2004,1.0076502732240435,0.9743169398907102,0.5357379219060225,0.42157511581733953,0.3460764587525151,0.7171171171171171,0.279826464208243,19.821428571428573,11.178571428571429,24.428571428571427,14.642857142857142,13.892857142857142,65.35714285714286,2004
1251_2004,1.0079462680919495,0.9824046920821113,0.5317902955939766,0.42721695482431676,0.3040650406504065,0.6832504145936982,0.2632566870014078,19.451612903225808,13.225806451612904,24.161290322580644,15.806451612903226,15.35483870967742,68.2,2004
1252_2004,0.9874888293118855,1.1422028596961573,0.5454866008462623,0.4386459802538787,0.3304157549234136,0.6475694444444444,0.25622171945701355,22.153846153846153,10.346153846153847,22.692307692307693,15.807692307692308,12.346153846153847,68.86153846153846,2004
1253_2004,0.9478037982057554,1.1045089129674939,0.504946996466431,0.41130742049469965,0.32038834951456313,0.650294695481336,0.24339274738783037,19.576923076923077,11.76923076923077,20.346153846153847,15.538461538461538,13.307692307692308,66.02307692307693,2004
1254_2004,0.9641532756489491,1.0517099299546764,0.5352710646636185,0.42651861528412804,0.32170542635658916,0.6568144499178982,0.266025641025641,22.555555555555557,11.74074074074074,25.925925925925927,17.925925925925927,13.592592592592593,71.91111111111113,2004
1256_2004,0.9936204146730464,0.9978734715576822,0.5097607052896725,0.4238035264483627,0.3185011709601874,0.6559322033898305,0.21829855537720708,21.071428571428573,14.142857142857142,25.321428571428573,16.178571428571427,13.071428571428571,67.17857142857142,2004
1257_2004,1.0571087453984673,0.8785195502935028,0.556965761511216,0.4203069657615112,0.3392070484581498,0.7484076433121019,0.3261176470588235,21.655172413793103,11.655172413793103,26.275862068965516,13.89655172413793,17.413793103448278,69.31724137931037,2004
1258_2004,0.9801682068321047,1.011836777074032,0.5076499388004896,0.4394124847001224,0.3100558659217877,0.691683569979716,0.1763771186440678,17.607142857142858,11.535714285714286,22.607142857142858,14.928571428571429,15.928571428571429,68.79285714285713,2004
1259_2004,0.893503727369542,1.1043663471778487,0.49967700258397935,0.37790697674418605,0.3219178082191781,0.6597938144329897,0.3361144219308701,17.321428571428573,10.928571428571429,22.464285714285715,15.785714285714286,12.5,67.07142857142858,2004
1260_2004,0.9933548324049642,1.0686015831134563,0.5164609053497943,0.43621399176954734,0.288135593220339,0.6514195583596214,0.20068863748155436,21.862068965517242,12.551724137931034,23.689655172413794,15.724137931034482,14.724137931034482,70.57241379310345,2004
1261_2004,1.0442825112107623,0.9983183856502242,0.556913407821229,0.4441340782122905,0.33611691022964507,0.6515151515151515,0.25925925925925924,23.571428571428573,11.392857142857142,25.214285714285715,14.535714285714286,12.285714285714286,63.714285714285715,2004
1263_2004,1.0162425554953982,0.9658906334596645,0.5706896551724138,0.43448275862068964,0.3384879725085911,0.717948717948718,0.31486414491209375,20.892857142857142,9.071428571428571,26.607142857142858,14.892857142857142,12.964285714285714,65.9642857142857,2004
1264_2004,1.1183732752360205,0.9544558564166409,0.5462211118051218,0.4415990006246096,0.36784140969163,0.7595772787318362,0.2323747680890538,26.103448275862068,12.172413793103448,22.689655172413794,13.0,16.93103448275862,66.47586206896551,2004
1265_2004,0.9258064516129032,1.0612903225806452,0.49323076923076925,0.3926153846153846,0.31226053639846746,0.6505747126436782,0.28397212543554007,15.535714285714286,11.857142857142858,22.571428571428573,14.035714285714286,14.607142857142858,66.42857142857143,2004
1266_2004,1.0837577815506505,1.0548953027730614,0.5597165991902834,0.4251012145748988,0.40365111561866124,0.7537190082644628,0.31174934725848563,22.40740740740741,12.481481481481481,22.62962962962963,14.074074074074074,13.703703703703704,65.44444444444446,2004
1267_2004,1.012012012012012,1.0760760760760761,0.5386792452830189,0.4276729559748428,0.33976833976833976,0.6942857142857143,0.26112759643916916,24.137931034482758,12.551724137931034,24.06896551724138,16.96551724137931,14.137931034482758,68.89655172413794,2004
1268_2004,1.0552878057652086,0.9789033372738019,0.5217277486910995,0.4408376963350785,0.3347826086956522,0.6264591439688716,0.1990521327014218,25.7,15.766666666666667,25.733333333333334,15.133333333333333,17.333333333333332,73.31333333333333,2004
1269_2004,1.0115754968244213,1.0843064945707848,0.5525679758308157,0.4362537764350453,0.33507853403141363,0.6324626865671642,0.2916455696202532,18.482758620689655,12.448275862068966,22.896551724137932,15.310344827586206,13.172413793103448,67.32413793103447,2004
1270_2004,1.0096763045732058,1.0551779748876855,0.5297704447632712,0.43256814921090386,0.3268765133171913,0.7190226876090751,0.23103251568739305,23.875,13.291666666666666,22.333333333333332,18.0,17.291666666666668,72.34166666666668,2004
1271_2004,0.9170164675492412,1.0849208911850177,0.49567243675099865,0.3821571238348868,0.31078610603290674,0.6980108499095841,0.2992957746478873,19.06896551724138,10.586206896551724,21.20689655172414,15.241379310344827,13.689655172413794,64.07586206896552,2004
1272_2004,1.0916799152093266,0.9782723900370957,0.5709500609013398,0.4220462850182704,0.35988200589970504,0.6615384615384615,0.3553398058252427,23.214285714285715,13.464285714285714,25.142857142857142,12.928571428571429,15.071428571428571,67.39285714285715,2004
1273_2004,1.025602709703128,1.1038055389519823,0.559245960502693,0.42848593656493117,0.3676222596964587,0.6885521885521886,0.3176299174356484,20.482758620689655,13.517241379310345,23.137931034482758,16.93103448275862,13.586206896551724,69.22758620689656,2004
1274_2004,1.040993537964459,1.0101978998384493,0.5456942003514939,0.44581136496777973,0.33398821218074654,0.7088122605363985,0.24733268671193018,18.0,12.931034482758621,22.0,15.172413793103448,17.0,68.30344827586205,2004
1275_2004,1.0362327392895079,1.0220701050395373,0.5328441649196366,0.4060097833682739,0.3153310104529617,0.7011884550084889,0.3092255125284738,21.035714285714285,11.321428571428571,21.25,12.321428571428571,12.821428571428571,60.521428571428565,2004
1276_2004,1.040465457595136,0.9712758150749556,0.5525304292120435,0.4458680333119795,0.3333333333333333,0.7034596375617792,0.2508816120906801,20.93103448275862,11.620689655172415,23.93103448275862,15.206896551724139,15.0,65.78620689655172,2004
1277_2004,1.1192739844425235,1.0549913569576488,0.6219262295081968,0.4952185792349727,0.4039301310043668,0.7693661971830986,0.26785714285714285,19.586206896551722,9.10344827586207,21.379310344827587,14.620689655172415,13.96551724137931,63.83448275862071,2004
1278_2004,1.046812749003984,1.071215139442231,0.5250142126208073,0.4286526435474702,0.313543599257885,0.7142857142857143,0.24119885823025689,19.833333333333332,13.4,22.866666666666667,13.766666666666667,13.833333333333334,66.93333333333334,2004
1279_2004,0.9961728950923007,1.0305042773525437,0.5477642276422764,0.4349593495934959,0.33535353535353535,0.6504065040650406,0.28135593220338984,17.571428571428573,9.428571428571429,20.892857142857142,13.142857142857142,14.857142857142858,63.45714285714286,2004
1280_2004,1.1202781237027812,0.9630552096305521,0.5784493284493285,0.46764346764346765,0.3542074363992172,0.662704309063893,0.25150532654006486,24.035714285714285,14.75,26.107142857142858,15.464285714285714,16.428571428571427,68.82857142857142,2004
1281_2004,1.1022738859997963,1.0767818904863875,0.5663114268798105,0.44641799881586736,0.35130434782608694,0.710691823899371,0.2802960222016651,21.93103448275862,13.827586206896552,24.06896551724138,14.448275862068966,12.89655172413793,67.63448275862068,2004
1282_2004,1.0888324873096449,1.037055837563452,0.5769686204854944,0.4268798105387803,0.3558368495077356,0.6923076923076923,0.35384615384615387,22.413793103448278,11.689655172413794,22.24137931034483,12.413793103448276,16.20689655172414,67.9310344827586,2004
1283_2004,1.044148232179996,0.9964076384949895,0.5227004716981132,0.4380896226415094,0.34963325183374083,0.6872037914691943,0.19420552286102308,25.575757575757574,12.333333333333334,24.484848484848484,14.818181818181818,14.696969696969697,64.10909090909092,2004
1284_2004,1.0231498698400894,0.9952584603941986,0.549114791547687,0.41918903483723585,0.35030864197530864,0.7463126843657817,0.30940481599273056,21.1875,9.375,24.0,13.40625,15.53125,67.225,2004
1285_2004,0.9874625540885386,1.062354377010984,0.5502853067047075,0.4400855920114123,0.33189655172413796,0.7012522361359571,0.2595505617977528,21.5,10.307692307692308,23.423076923076923,17.115384615384617,14.038461538461538,69.33076923076925,2004
1286_2004,0.9916332783407964,1.0040065991044071,0.5615671641791045,0.4470149253731343,0.35172413793103446,0.640926640926641,0.2727272727272727,20.72,9.16,22.68,15.16,16.68,67.888,2004
1287_2004,1.099725211815892,1.141515914815663,0.5676345609065155,0.4631728045325779,0.35,0.7491961414790996,0.2295679333680375,23.923076923076923,10.307692307692308,23.307692307692307,13.615384615384615,12.153846153846153,67.18461538461538,2004
1288_2004,0.9840764331210191,1.0281316348195328,0.5540816326530612,0.43741496598639457,0.37254901960784315,0.6203125,0.2766990291262136,23.703703703703702,10.74074074074074,20.85185185185185,16.59259259259259,16.925925925925927,69.77777777777777,2004
1290_2004,1.0485239226331864,0.9184481393507523,0.5199880668257757,0.3979713603818616,0.31432973805855163,0.640973630831643,0.3300970873786408,18.25925925925926,16.666666666666668,23.0,12.777777777777779,18.962962962962962,65.48888888888888,2004
1291_2004,0.9975545139596493,1.0546158549011615,0.528698224852071,0.41124260355029585,0.34375,0.6890130353817505,0.30337078651685395,18.517241379310345,12.206896551724139,23.275862068965516,14.206896551724139,15.241379310344827,67.68275862068967,2004
1292_2004,1.03819016687199,1.022510919475865,0.5495839112343966,0.4348127600554785,0.3733031674208145,0.6882911392405063,0.2669902912621359,23.40740740740741,10.814814814814815,23.51851851851852,14.185185185185185,15.037037037037036,66.14074074074075,2004
1293_2004,1.1604749138261203,0.99674454232095,0.6053221288515406,0.49635854341736696,0.3333333333333333,0.7133956386292835,0.2400990099009901,21.4,12.233333333333333,25.3,13.8,14.9,69.62666666666665,2004
1296_2004,1.0114137190643009,1.0786529551361734,0.5604982206405694,0.4313167259786477,0.3605577689243028,0.6540362438220758,0.30335195530726256,22.48148148148148,11.777777777777779,23.62962962962963,16.296296296296298,12.148148148148149,65.54814814814816,2004
1298_2004,0.82404181184669,1.0749128919860629,0.46635311143270625,0.38567293777134587,0.3016304347826087,0.5831325301204819,0.2346723044397463,15.961538461538462,13.153846153846153,21.23076923076923,19.846153846153847,15.346153846153847,66.23076923076923,2004
1299_2004,0.7757959340237821,0.9982738780207135,0.4430181590482154,0.3606762680025047,0.25889328063241107,0.563973063973064,0.24289245982694685,21.214285714285715,13.285714285714286,20.035714285714285,22.25,21.357142857142858,74.48571428571428,2004
1301_2004,1.1089676746611052,0.9859228362877998,0.6052465233881164,0.45195954487989887,0.3432624113475177,0.7982456140350878,0.34132581100141046,19.655172413793103,10.03448275862069,23.689655172413794,13.758620689655173,14.758620689655173,66.13793103448276,2004
1304_2004,1.1151736745886653,0.9854890310786105,0.5961145194274029,0.46421267893660534,0.39148073022312374,0.720508166969147,0.29661885245901637,19.678571428571427,11.321428571428571,24.75,13.571428571428571,12.428571428571429,62.51428571428572,2004
1305_2004,1.1112746541065648,0.9738985379256208,0.5385706182643222,0.4554736245036869,0.34032634032634035,0.7144846796657381,0.19337748344370861,23.933333333333334,13.4,25.466666666666665,13.0,14.266666666666667,67.94,2004
1306_2004,0.940193126362787,1.0123559339632437,0.5289761751448808,0.41339343206696716,0.3435700575815739,0.6590909090909091,0.2965212589729431,17.6,11.066666666666666,23.533333333333335,16.466666666666665,13.233333333333333,64.20666666666666,2004
1307_2004,1.092494126375665,1.0745641152466925,0.5988679245283018,0.43849056603773584,0.36177474402730375,0.7264325323475046,0.3599320882852292,20.807692307692307,9.73076923076923,22.5,12.653846153846153,12.0,62.20769230769229,2004
1308_2004,1.0073511088960876,1.0347620234238724,0.5307407407407407,0.4162962962962963,0.34146341463414637,0.7018633540372671,0.2857142857142857,19.32,12.24,22.16,14.72,13.52,64.208,2004
1309_2004,1.0267901112971534,1.0538757017630256,0.5153148043108338,0.4146341463414634,0.354,0.6473149492017417,0.25467625899280577,22.966666666666665,13.333333333333334,24.066666666666666,13.066666666666666,14.0,67.68666666666668,2004
1310_2004,1.141501535026514,1.0442831891338729,0.5609010011123471,0.44938820912124583,0.32786885245901637,0.7444574095682613,0.24449877750611246,28.566666666666666,14.133333333333333,25.766666666666666,14.433333333333334,14.1,71.66000000000001,2004
1311_2004,0.9117166896898155,1.117041316086902,0.5027216174183515,0.3864696734059098,0.32603938730853393,0.6806167400881057,0.30785123966942146,19.73913043478261,12.217391304347826,21.347826086956523,17.652173913043477,14.391304347826088,69.24347826086957,2004
1313_2004,0.952275495515447,1.004318458642454,0.49376299376299376,0.3908523908523909,0.31556503198294245,0.7184466019417476,0.25813953488372093,22.071428571428573,11.75,21.392857142857142,15.892857142857142,16.25,64.50714285714284,2004
1314_2004,1.114091388063991,1.0120701216591632,0.564066852367688,0.4623955431754875,0.3540856031128405,0.6797752808988764,0.234737747205503,25.428571428571427,15.357142857142858,24.642857142857142,15.642857142857142,18.428571428571427,74.56428571428569,2004
1317_2004,1.0096466507695643,1.0562540646000433,0.5358306188925082,0.4286644951140065,0.3346938775510204,0.6404682274247492,0.2640901771336554,23.0,14.307692307692308,26.153846153846153,17.03846153846154,13.692307692307692,70.96923076923078,2004
1318_2004,1.039437177962743,1.017637732857709,0.5505257009345794,0.41238317757009346,0.3319268635724332,0.646551724137931,0.3374642516682555,24.857142857142858,13.714285714285714,22.678571428571427,14.714285714285714,17.964285714285715,72.08571428571427,2004
1319_2004,1.0296684118673647,1.0466071245252027,0.588484059856864,0.4476252439817827,0.3829787234042553,0.7288732394366197,0.3230309072781655,21.037037037037038,9.74074074074074,25.48148148148148,16.555555555555557,13.777777777777779,72.15555555555555,2004
1320_2004,1.060894386298763,1.0001057194206575,0.5727745289148798,0.4392462638076673,0.34982935153583616,0.7352941176470589,0.3064275037369208,21.103448275862068,8.931034482758621,25.896551724137932,12.655172413793103,11.448275862068966,65.2344827586207,2004
1321_2004,1.0233650211888672,1.0445538884434773,0.5790745856353591,0.43715469613259667,0.31635802469135804,0.6680761099365751,0.34415221040850585,16.310344827586206,7.551724137931035,18.862068965517242,11.310344827586206,15.068965517241379,60.213793103448275,2004
1322_2004,0.9784133837021048,1.0410145709660013,0.5058327932598834,0.41931302657161373,0.31971153846153844,0.6542372881355932,0.22007722007722008,23.6,14.0,26.04,16.96,15.64,74.11999999999999,2004
1323_2004,1.1035671947408126,1.0566871430111004,0.5644190246839254,0.419626730885009,0.35767511177347244,0.7237762237762237,0.3515625,19.724137931034484,11.586206896551724,23.75862068965517,10.413793103448276,11.448275862068966,63.99310344827586,2004
1324_2004,1.0400850288490737,1.0502075108816682,0.5361764705882353,0.4288235294117647,0.3339449541284404,0.6464174454828661,0.2656934306569343,22.928571428571427,12.75,21.642857142857142,13.428571428571429,16.535714285714285,70.56428571428572,2004
1325_2004,1.0127607859023695,1.058335021267976,0.5362273579013117,0.40162398500936913,0.3524590163934426,0.7210982658959537,0.3225,23.066666666666666,11.766666666666667,22.8,15.0,14.066666666666666,65.82666666666668,2004
1326_2004,1.0378965296998084,1.0937832659144135,0.5391839378238342,0.44365284974093266,0.34106728538283065,0.6491754122938531,0.22615384615384615,22.233333333333334,12.3,21.333333333333332,14.566666666666666,13.1,62.626666666666665,2004
1328_2004,1.0323303457106274,0.9608408023900982,0.5273556231003039,0.4085106382978723,0.33678756476683935,0.6644295302013423,0.3023255813953488,20.551724137931036,13.275862068965518,20.896551724137932,12.96551724137931,17.724137931034484,64.63448275862069,2004
1329_2004,1.1606960081883315,0.9483111566018424,0.5988372093023255,0.5128518971848225,0.3783783783783784,0.6953846153846154,0.18518518518518517,22.413793103448278,11.379310344827585,24.17241379310345,13.448275862068966,15.551724137931034,67.37931034482759,2004
1330_2004,1.0496314496314494,0.9999999999999998,0.5555232558139535,0.4418604651162791,0.3415061295971979,0.7196581196581197,0.273876404494382,20.17241379310345,12.758620689655173,25.620689655172413,15.551724137931034,15.586206896551724,70.17241379310346,2004
1331_2004,1.1068578822514556,1.0825965063618719,0.6040558510638298,0.47007978723404253,0.383587786259542,0.7590987868284229,0.29371651242084756,22.192307692307693,10.346153846153847,23.692307692307693,14.961538461538462,14.038461538461538,71.33846153846154,2004
1332_2004,1.0989010989010988,1.0690280593193213,0.6269893899204244,0.46153846153846156,0.40226171243941844,0.7299651567944251,0.36262135922330097,21.25925925925926,10.074074074074074,23.25925925925926,15.148148148148149,13.666666666666666,69.42962962962963,2004
1333_2004,1.0086575571085843,1.0524668822363614,0.5056750298685783,0.41517323775388293,0.3296943231441048,0.7005347593582888,0.23422957600827302,20.77777777777778,13.25925925925926,22.22222222222222,13.962962962962964,16.85185185185185,71.01481481481484,2004
1334_2004,1.089582020583911,1.0050409577819786,0.5882154882154882,0.4686868686868687,0.35542168674698793,0.7376093294460642,0.25590361445783133,22.866666666666667,9.266666666666667,24.266666666666666,14.1,12.6,63.48,2004
1335_2004,1.096396498806411,0.975900875298397,0.6126522327469553,0.45263870094722597,0.39730639730639733,0.687984496124031,0.36702954898911355,19.11111111111111,10.851851851851851,24.0,13.62962962962963,14.074074074074074,65.16296296296298,2004
1336_2004,0.928433268858801,1.0661053589714418,0.49489795918367346,0.3986394557823129,0.3333333333333333,0.6618257261410788,0.25919117647058826,17.214285714285715,12.428571428571429,22.571428571428573,15.821428571428571,11.464285714285714,62.77857142857142,2004
1337_2004,1.1223272460310176,1.124621455446453,0.574034902168165,0.45637228979375993,0.3621533442088091,0.7155172413793104,0.2722812755519215,22.451612903225808,12.193548387096774,21.967741935483872,12.516129032258064,15.774193548387096,70.30322580645162,2004
1338_2004,1.1273657289002557,0.918158567774936,0.5599415204678363,0.4812865497076023,0.3145539906103286,0.6523076923076923,0.1823956442831216,20.3125,12.90625,23.71875,12.4375,12.78125,61.09375000000001,2004
1339_2004,1.0261664564943251,1.081862126944094,0.5575585072738773,0.4263124604680582,0.391304347826087,0.7197106690777577,0.31797235023041476,19.75,9.214285714285714,20.785714285714285,12.821428571428571,15.071428571428571,67.97142857142858,2004
1340_2004,0.9776833156216791,1.0089739048293778,0.5223823975720789,0.44461305007587254,0.2982456140350877,0.6620450606585788,0.18478260869565216,23.08,11.28,25.24,17.08,13.56,67.752,2004
1341_2004,0.9148075240594925,1.0772090988626422,0.460258152173913,0.39334239130434784,0.29878048780487804,0.6251874062968515,0.17573221757322174,24.703703703703702,13.11111111111111,22.666666666666668,16.444444444444443,15.074074074074074,67.73333333333333,2004
1343_2004,1.0740251156642433,0.9762062128222075,0.6088211046990931,0.47897774113767516,0.3435448577680525,0.7116279069767442,0.28984615384615386,16.53846153846154,8.576923076923077,22.192307692307693,13.5,12.423076923076923,58.19230769230769,2004
1344_2004,1.0875706214689265,0.9783789656671011,0.5986283474853037,0.45329849771391245,0.3681592039800995,0.716636197440585,0.33266733266733267,19.535714285714285,11.678571428571429,21.892857142857142,14.928571428571429,15.142857142857142,65.74285714285715,2004
1345_2004,1.0322410147991543,0.9561310782241014,0.52114898989899,0.4273989898989899,0.334841628959276,0.739344262295082,0.22734254992319508,20.333333333333332,11.2,22.466666666666665,13.333333333333334,14.3,63.06666666666668,2004
1346_2004,1.0084208337665037,1.0827528849152719,0.5445454545454546,0.4206060606060606,0.35294117647058826,0.7002012072434608,0.3154639175257732,18.40740740740741,11.518518518518519,23.48148148148148,14.296296296296296,15.518518518518519,71.25185185185185,2004
1347_2004,0.9812393405343947,1.029562251279136,0.5229265003371544,0.40728253540121373,0.35403726708074534,0.6252252252252253,0.29721900347624564,21.346153846153847,11.538461538461538,22.346153846153847,13.615384615384615,15.653846153846153,67.65384615384615,2004
1348_2004,1.0480047412090083,0.9867641248518373,0.5074013157894737,0.42269736842105265,0.3326133909287257,0.6740506329113924,0.2177191328934967,20.387096774193548,15.96774193548387,24.516129032258064,14.290322580645162,13.741935483870968,65.31612903225806,2004
1349_2004,1.0608315505534371,0.9952562552320717,0.5649275362318841,0.46956521739130436,0.35268817204301073,0.7120343839541547,0.21569487067075843,22.516129032258064,11.096774193548388,23.29032258064516,15.806451612903226,16.06451612903226,69.36129032258063,2004
1350_2004,1.0182445759368834,0.9309664694280076,0.5138010350776309,0.4094307073030477,0.3062605752961083,0.7244094488188977,0.262953995157385,19.84375,11.96875,23.5,13.0625,15.0625,63.375000000000014,2004
1351_2004,1.029544316474712,1.0395593390085127,0.5438545874206578,0.4177726485862666,0.3385093167701863,0.7027027027027027,0.31809338521400776,18.5,11.866666666666667,24.6,13.266666666666667,13.266666666666667,66.56666666666666,2004
1352_2004,1.0466269841269844,1.0907186948853618,0.5943267259056733,0.4531784005468216,0.37050359712230213,0.7551440329218106,0.325434439178515,17.357142857142858,8.142857142857142,23.535714285714285,13.75,11.428571428571429,64.79999999999998,2004
1353_2004,1.0108343571987044,0.9901708924382889,0.5334001336005344,0.4074816299265197,0.3527204502814259,0.7065026362038664,0.3116022099447514,21.074074074074073,12.333333333333334,25.037037037037038,14.777777777777779,13.296296296296296,66.31851851851852,2004
1354_2004,1.0395291068149906,0.9893077006156169,0.5429634641407307,0.4465493910690122,0.3271889400921659,0.721183800623053,0.2212987012987013,22.928571428571427,12.142857142857142,21.75,16.321428571428573,16.464285714285715,66.13571428571431,2004
1356_2004,1.0896151818661044,0.9615181866104376,0.5457459207459208,0.44463869463869465,0.3288973384030418,0.6878504672897197,0.251088534107402,18.448275862068964,13.206896551724139,22.20689655172414,12.068965517241379,17.0,65.41379310344827,2004
1357_2004,1.001108982760359,1.0555499546325235,0.5251182033096927,0.4397163120567376,0.3333333333333333,0.6717267552182163,0.2175226586102719,19.51851851851852,13.148148148148149,23.77777777777778,16.14814814814815,16.37037037037037,73.47407407407407,2004
1358_2004,0.9949506541198075,1.072985999540969,0.5390961262553802,0.4368723098995696,0.3219954648526077,0.6964618249534451,0.24567474048442905,22.375,11.875,23.291666666666668,17.458333333333332,15.5,72.61666666666665,2004
1359_2004,1.0071252397917236,1.107837763770896,0.6574410163339383,0.46098003629764067,0.3717728055077453,0.6918604651162791,0.44081632653061226,14.333333333333334,5.541666666666667,21.666666666666668,14.708333333333334,10.958333333333334,60.81666666666667,2004
1360_2004,0.9595811313368564,1.1411235075357211,0.5813878080415046,0.45201037613488976,0.4069529652351738,0.6764705882352942,0.30443651198368177,18.75862068965517,8.827586206896552,23.551724137931036,18.620689655172413,13.551724137931034,70.46896551724139,2004
1361_2004,1.0326428123038294,1.0457208621050431,0.520918070889018,0.4241719930273097,0.3173996175908222,0.7044534412955465,0.25227963525835867,17.642857142857142,13.214285714285714,22.071428571428573,12.964285714285714,15.785714285714286,68.27142857142856,2004
1362_2004,0.9735273315146002,1.0311205415782558,0.5214631197097944,0.42986698911729143,0.3094262295081967,0.6424682395644283,0.2350804359107421,18.366666666666667,12.266666666666667,21.133333333333333,15.766666666666667,15.766666666666667,65.98,2004
1363_2004,0.9530826358599551,1.0792172580455026,0.5301418439716312,0.4198581560283688,0.36729857819905215,0.6634844868735084,0.287569573283859,15.518518518518519,8.962962962962964,19.814814814814813,13.37037037037037,14.11111111111111,62.83703703703704,2004
1364_2004,1.0420079569389187,0.9940322958109056,0.5608446671438797,0.44595561918396565,0.3864734299516908,0.6660746003552398,0.26951151038742277,20.85185185185185,11.518518518518519,22.962962962962962,14.74074074074074,15.185185185185185,63.30370370370371,2004
1365_2004,1.0161534578495708,1.0444220090863199,0.5405325443786982,0.41301775147928993,0.3338509316770186,0.6931034482758621,0.3204172876304024,18.70967741935484,11.806451612903226,22.096774193548388,13.709677419354838,13.129032258064516,63.90322580645162,2004
1366_2004,0.8407537792503622,1.1032304825015529,0.44163192376414534,0.36748064324002383,0.3046683046683047,0.5671641791044776,0.229064039408867,17.37037037037037,15.407407407407407,22.14814814814815,17.814814814814813,15.814814814814815,71.54074074074076,2004
1368_2004,1.064847212502916,1.0228598087240497,0.5475352112676056,0.44084507042253523,0.334070796460177,0.6746411483253588,0.24808324205914567,25.08,11.72,23.76,13.48,15.92,68.59199999999998,2004
1369_2004,1.0851563465579037,1.1197626992955134,0.5830324909747292,0.44981949458483755,0.3817427385892116,0.7041036717062635,0.3143507972665148,18.52,10.28,20.44,12.2,13.44,64.72800000000001,2004
1371_2004,1.0938175529615217,0.9754647643752701,0.5643844221105527,0.4591708542713568,0.3538135593220339,0.7168784029038112,0.2475296442687747,19.678571428571427,11.785714285714286,25.321428571428573,13.142857142857142,13.25,66.0857142857143,2004
1372_2004,1.0439882697947214,0.933724340175953,0.5510697032436163,0.4451345755693582,0.3669064748201439,0.7020833333333333,0.25786516853932584,18.46153846153846,11.115384615384615,21.384615384615383,13.576923076923077,18.576923076923077,65.57692307692308,2004
1373_2004,1.0067081469959167,1.0407349795839003,0.4887855579868709,0.40536105032822756,0.3227176220806794,0.6796267496111975,0.22018348623853212,21.433333333333334,15.866666666666667,25.066666666666666,14.933333333333334,13.566666666666666,68.57333333333334,2004
1374_2004,0.9975280667421978,1.0608713564733752,0.5479153702551338,0.4312383322962041,0.3235294117647059,0.6715867158671587,0.28962312854930305,18.066666666666666,10.666666666666666,20.966666666666665,14.6,13.766666666666667,64.72666666666667,2004
1375_2004,1.0128464374925656,1.0616153205661947,0.5537162162162163,0.4168918918918919,0.3423728813559322,0.6496350364963503,0.35584263065179095,15.807692307692308,12.23076923076923,19.615384615384617,13.653846153846153,16.115384615384617,64.66923076923078,2004
1376_2004,1.067226124236067,0.9445407279029465,0.5537775445960126,0.4359916054564533,0.3303834808259587,0.6735905044510386,0.28717948717948716,20.424242424242426,12.696969696969697,23.636363636363637,13.212121212121213,16.575757575757574,66.44242424242422,2004
1378_2004,0.956290471785384,1.0690333024976875,0.5181290790427846,0.42857142857142855,0.3194805194805195,0.653558052434457,0.22309552599758162,19.77777777777778,10.25925925925926,23.85185185185185,15.333333333333334,11.814814814814815,64.05925925925925,2004
1379_2004,0.9698808721060913,1.0412452236457632,0.49292452830188677,0.4171159029649596,0.3085399449035813,0.6666666666666666,0.19466975666280417,20.88888888888889,11.88888888888889,24.11111111111111,14.481481481481481,12.592592592592593,65.91111111111111,2004
1380_2004,0.9913520354355623,0.9945159249103567,0.5186945500633714,0.4391634980988593,0.30413625304136255,0.6243654822335025,0.19946808510638298,21.88888888888889,13.481481481481481,21.074074074074073,16.51851851851852,18.74074074074074,70.23703703703703,2004
1381_2004,1.01297588444118,1.136614028644877,0.608251633986928,0.47630718954248363,0.4236842105263158,0.6666666666666666,0.2918429003021148,18.923076923076923,7.423076923076923,20.0,15.615384615384615,14.576923076923077,62.83846153846154,2004
1382_2004,0.982557539477758,1.1456290638868818,0.5207015526164462,0.3927544565842438,0.3208092485549133,0.7149321266968326,0.34978991596638653,15.785714285714286,12.357142857142858,20.464285714285715,13.142857142857142,14.785714285714286,69.20714285714287,2004
1383_2004,1.0154581511237668,0.9935930031526492,0.5842457420924574,0.42700729927007297,0.35833333333333334,0.6646825396825397,0.3875813720580871,18.0,10.964285714285714,24.071428571428573,15.285714285714286,16.428571428571427,70.2357142857143,2004
1384_2004,1.044851054334486,1.0911525158986943,0.5365771812080536,0.4389261744966443,0.36989795918367346,0.7317073170731707,0.23224773091297385,20.5,11.142857142857142,20.25,13.75,14.571428571428571,64.02142857142859,2004
1385_2004,0.9326569294235701,1.067008585126547,0.4717039800995025,0.39676616915422885,0.31496062992125984,0.6412037037037037,0.21518230723251644,16.0,14.851851851851851,22.0,15.333333333333334,14.333333333333334,66.43703703703703,2004
1386_2004,1.167828418230563,0.9233243967828418,0.6506289308176101,0.47861635220125787,0.4068554396423249,0.7027522935779816,0.3760330578512397,19.464285714285715,9.678571428571429,23.25,11.714285714285714,16.571428571428573,66.60714285714286,2004
1387_2004,0.9960562779791089,0.9443615433809421,0.5479041916167665,0.42714570858283435,0.34345351043643263,0.7013888888888888,0.29052969502407705,19.2,8.166666666666666,23.266666666666666,12.933333333333334,14.333333333333334,62.54666666666667,2004
1388_2004,1.1046935164949527,1.0136330523467583,0.59,0.46,0.37222222222222223,0.7219796215429404,0.2840320301460198,24.535714285714285,12.785714285714286,24.142857142857142,16.25,14.107142857142858,68.63571428571429,2004
1389_2004,1.0801770782095423,1.0747663551401867,0.5609410430839002,0.41383219954648526,0.3562585969738652,0.7014705882352941,0.35382513661202186,23.448275862068964,13.137931034482758,22.20689655172414,13.03448275862069,15.96551724137931,70.10344827586208,2004
1390_2004,1.12020202020202,0.9196969696969696,0.5793795620437956,0.48418491484184917,0.36619718309859156,0.752,0.2110009017132552,20.833333333333332,11.1,25.2,13.966666666666667,14.7,66.00000000000001,2004
1391_2004,0.9832904884318765,1.0761860247721429,0.482324949014276,0.40380693405846363,0.2979274611398964,0.6985294117647058,0.20499108734402852,21.76,13.96,21.36,14.88,16.24,68.464,2004
1392_2004,0.9687241948802642,1.0471717588769611,0.5086096938775511,0.42346938775510207,0.3159144893111639,0.6887417218543046,0.21257325519445924,20.133333333333333,10.933333333333334,21.733333333333334,15.2,13.733333333333333,64.58666666666667,2004
1393_2004,1.0895315334542741,0.9982926048447339,0.5358637178720861,0.4632396891811118,0.3118556701030928,0.6363636363636364,0.17776689520078354,20.821428571428573,13.928571428571429,24.714285714285715,12.785714285714286,13.678571428571429,66.93571428571427,2004
1394_2004,1.01555291946751,1.031369447739554,0.5348932676518884,0.45566502463054187,0.32,0.7188841201716738,0.18689162881245944,21.181818181818183,12.409090909090908,23.59090909090909,17.545454545454547,16.0,68.9727272727273,2004
1395_2004,0.9964065708418892,1.0497946611909652,0.5307595731324545,0.4143126177024482,0.3333333333333333,0.6759689922480621,0.28593508500772796,22.24137931034483,11.413793103448276,23.517241379310345,14.758620689655173,14.172413793103448,67.17241379310344,2004
1396_2004,1.0531803962460897,1.043332174719036,0.49819385912101144,0.3810957254665864,0.27913669064748203,0.6473779385171791,0.3201320132013201,19.75,14.678571428571429,22.0,9.107142857142858,14.142857142857142,61.65,2004
1397_2004,1.0705907442951588,1.065792279803796,0.5433656957928803,0.4407766990291262,0.3487858719646799,0.7240356083086054,0.2360557768924303,24.071428571428573,12.714285714285714,24.25,14.892857142857142,13.25,66.9857142857143,2004
1398_2004,1.0226625669058194,1.163307140416809,0.547438330170778,0.41302972802024035,0.35570469798657717,0.6898263027295285,0.35412026726057905,15.5,11.346153846153847,19.26923076923077,11.884615384615385,15.884615384615385,67.54615384615384,2004
1399_2004,1.0670487106017192,1.1169054441260744,0.5741106719367589,0.4426877470355731,0.35855855855855856,0.725,0.3206229860365199,17.6,12.48,23.56,14.52,13.48,69.8,2004
1400_2004,1.1485010919197935,0.98868374032162,0.5494944119212347,0.4406599254922831,0.36042402826855124,0.6755952380952381,0.2644770959377701,22.4,16.3,25.1,11.866666666666667,14.533333333333333,67.16,2004
1401_2004,1.0463665661711194,1.1123817444640813,0.5165386887182516,0.41523922031896043,0.32509505703422054,0.6844583987441131,0.2548435171385991,22.75,15.75,22.285714285714285,14.892857142857142,13.571428571428571,68.70714285714287,2004
1402_2004,1.041889721627409,1.0753479657387581,0.5623015873015873,0.43174603174603177,0.3360655737704918,0.715962441314554,0.3159922928709056,18.52173913043478,11.521739130434783,22.0,14.304347826086957,13.347826086956522,64.97391304347825,2004
1403_2004,1.0798014158315712,0.9772915325917072,0.5275401069518717,0.4641711229946524,0.3390804597701149,0.7377049180327869,0.15070242656449553,20.96875,11.3125,22.6875,12.46875,17.1875,67.98125,2004
1404_2004,1.0075401595454048,1.0905911922194294,0.5392347600518806,0.433852140077821,0.31334622823984526,0.6705653021442495,0.2635574837310195,19.73076923076923,12.73076923076923,23.346153846153847,15.923076923076923,14.23076923076923,70.3923076923077,2004
1405_2004,1.091399375532217,1.06585296622197,0.5939306358381503,0.4682080924855491,0.3938294010889292,0.7208588957055214,0.28218465539661897,21.733333333333334,11.0,23.0,15.1,15.533333333333333,70.46,2004
1406_2004,0.9312591969728821,1.058965734706748,0.4945790816326531,0.39413265306122447,0.3333333333333333,0.6625874125874126,0.26580135440180586,19.724137931034484,11.793103448275861,21.896551724137932,15.448275862068966,13.655172413793103,65.61379310344827,2004
1407_2004,1.1730499298175259,1.0216563063966315,0.6161427810335642,0.4427277570591369,0.35753575357535755,0.717479674796748,0.4166666666666667,17.571428571428573,13.892857142857142,23.321428571428573,11.071428571428571,17.785714285714285,71.24285714285712,2004
1408_2004,0.9544811063922466,1.0290754655341392,0.512203166226913,0.408311345646438,0.32914046121593293,0.6462093862815884,0.26868225898459785,20.51851851851852,13.074074074074074,26.037037037037038,16.74074074074074,12.777777777777779,68.02222222222223,2004
1409_2004,0.9951797549708776,1.043884314119301,0.5423472474289172,0.4379915305505142,0.33268858800773693,0.6654411764705882,0.260343087790111,18.75862068965517,9.344827586206897,24.275862068965516,13.517241379310345,14.241379310344827,68.67586206896553,2004
1410_2004,0.9783132530120484,1.0638554216867473,0.5079767947788252,0.3836113125453227,0.3103448275862069,0.6991150442477876,0.3158866995073892,23.541666666666668,13.458333333333334,24.0,15.75,16.166666666666668,69.16666666666664,2004
1411_2004,0.9335763466990685,0.9457270149858243,0.484185733512786,0.41251682368775233,0.2760416666666667,0.649746192893401,0.17245119305856832,28.142857142857142,12.357142857142858,24.428571428571427,18.571428571428573,16.178571428571427,70.54285714285713,2004
1412_2004,1.0444444444444443,0.9386473429951688,0.5476982806433721,0.44315030504714364,0.3304042179261863,0.6539130434782608,0.2608695652173913,19.82758620689655,12.344827586206897,22.689655172413794,13.620689655172415,20.620689655172413,71.3793103448276,2004
1414_2004,1.0096325365679626,1.0613628255440597,0.5630804953560371,0.44969040247678016,0.3772609819121447,0.6878306878306878,0.2579505300353357,21.0,10.11111111111111,22.814814814814813,16.14814814814815,12.0,62.288888888888906,2004
1415_2004,1.0104143585198315,1.0613782406381562,0.5485733695652174,0.43410326086956524,0.3088235294117647,0.7159090909090909,0.27631578947368424,19.555555555555557,9.62962962962963,21.22222222222222,14.148148148148149,14.592592592592593,66.85925925925928,2004
1416_2004,1.0824687698496718,0.954901545627779,0.5918935643564357,0.45792079207920794,0.353518821603928,0.722567287784679,0.31687041564792173,16.655172413793103,12.379310344827585,23.896551724137932,15.137931034482758,15.655172413793103,65.1448275862069,2004
1417_2004,1.005939524838013,1.0583153347732182,0.5466887417218543,0.46225165562913906,0.3290155440414508,0.6415094339622641,0.20450885668276972,18.928571428571427,11.142857142857142,23.321428571428573,15.785714285714286,12.428571428571429,66.14285714285714,2004
1418_2004,1.0969133753733824,1.0050890585241734,0.6038663171690695,0.463302752293578,0.37217391304347824,0.6866537717601547,0.3237518910741301,19.884615384615383,11.653846153846153,21.96153846153846,14.538461538461538,17.346153846153847,69.53076923076921,2004
1419_2004,0.9314849905255811,1.0371995611848013,0.5076034063260341,0.402676399026764,0.33725490196078434,0.6458333333333334,0.2762312633832976,20.571428571428573,12.928571428571429,22.214285714285715,17.607142857142858,16.0,71.62142857142855,2004
1420_2004,0.9452177817691962,1.0030309833857207,0.4866536458333333,0.4127604166666667,0.3192090395480226,0.6260330578512396,0.2013064133016627,17.285714285714285,12.357142857142858,22.035714285714285,14.214285714285714,14.071428571428571,63.628571428571426,2004
1421_2004,0.9227610698035733,1.0825657529685937,0.5164365548980934,0.398422090729783,0.3129370629370629,0.6666666666666666,0.32291040288635,15.11111111111111,10.925925925925926,21.48148148148148,15.296296296296296,14.444444444444445,66.74814814814816,2004
1422_2004,1.0219507144336304,1.0675088009939948,0.5576923076923077,0.4609079445145019,0.3269230769230769,0.7341513292433538,0.23252279635258358,18.11111111111111,11.518518518518519,23.0,17.074074074074073,15.444444444444445,71.54074074074073,2004
1423_2004,0.9820002130152308,0.9516455426563001,0.5268308080808081,0.40845959595959597,0.33754512635379064,0.6759776536312849,0.30422993492407807,17.9,10.866666666666667,21.666666666666668,13.5,16.266666666666666,62.59333333333333,2004
1424_2004,1.0804146537842187,1.0381441223832526,0.5899487836107554,0.47695262483994877,0.37209302325581395,0.6991279069767442,0.24592454587796925,23.724137931034484,9.862068965517242,23.482758620689655,15.03448275862069,14.89655172413793,68.52413793103449,2004
1425_2004,1.0270506957283254,1.0732704096526222,0.5428488708743486,0.43196294151708164,0.3075684380032206,0.6625386996904025,0.27143533870203695,23.071428571428573,12.785714285714286,23.642857142857142,15.285714285714286,16.571428571428573,73.40714285714286,2004
1426_2004,1.0498627630375115,1.0447163769441903,0.5438661710037175,0.45650557620817844,0.3622291021671827,0.7361319340329835,0.19117647058823528,25.653846153846153,11.076923076923077,23.653846153846153,16.346153846153847,14.307692307692308,67.26153846153846,2004
1427_2004,1.0224866391045677,1.0255117475042854,0.554677623261694,0.42983565107458915,0.3608058608058608,0.7019374068554396,0.29142011834319526,23.964285714285715,12.357142857142858,25.142857142857142,17.107142857142858,15.392857142857142,70.8357142857143,2004
1428_2004,1.0860412393393066,0.9640505235884701,0.5945680628272252,0.4731675392670157,0.39278131634819535,0.7134831460674157,0.275844930417495,17.225806451612904,10.64516129032258,24.0,14.225806451612904,10.806451612903226,59.761290322580656,2004
1429_2004,1.1802629899144643,0.9862121792416698,0.6272304111714507,0.5073700543056633,0.39588688946015427,0.7113970588235294,0.24986479177934018,20.14814814814815,10.444444444444445,22.074074074074073,12.666666666666666,11.703703703703704,58.022222222222226,2004
1431_2004,1.1177491830065358,0.9957107843137254,0.5809614168247944,0.47058823529411764,0.3782608695652174,0.7464589235127479,0.2384650525354043,24.344827586206897,10.275862068965518,24.06896551724138,13.551724137931034,15.89655172413793,67.53103448275863,2004
1433_2004,1.0549319558955004,0.9471540677461014,0.5936363636363636,0.47393939393939394,0.3862745098039216,0.6039933444259568,0.2782485875706215,20.033333333333335,12.333333333333334,25.4,16.433333333333334,14.4,67.11333333333332,2004
1434_2004,1.0344487217451388,1.0226038890534006,0.538961038961039,0.4440321583178726,0.3128834355828221,0.7110799438990182,0.21898854961832062,24.586206896551722,11.89655172413793,26.517241379310345,16.17241379310345,13.241379310344827,69.86896551724138,2004
1435_2004,1.1040773601834313,0.9679992024723356,0.5848343986054619,0.44857640906449736,0.3611111111111111,0.7128874388254486,0.31693002257336345,20.433333333333334,11.433333333333334,24.2,12.766666666666667,15.433333333333334,66.87333333333335,2004
1436_2004,1.0353430353430353,0.9682952182952181,0.5408224076281287,0.4261025029797378,0.3282051282051282,0.6788990825688074,0.2891566265060241,18.166666666666668,11.633333333333333,24.9,12.566666666666666,13.0,64.13333333333334,2004
1437_2004,1.0591931887289683,1.035880802756943,0.5804347826086956,0.44596273291925465,0.3612040133779264,0.7324414715719063,0.31004784688995213,19.933333333333334,11.9,23.5,16.033333333333335,13.566666666666666,65.77333333333333,2004
1438_2004,1.0570814192161078,1.0673443456162641,0.5502941176470588,0.44529411764705884,0.3284132841328413,0.6796536796536796,0.24687933425797504,23.896551724137932,11.758620689655173,22.96551724137931,14.137931034482758,15.310344827586206,70.55862068965519,2004
1439_2004,0.9978296816866473,1.013848697809012,0.49383078730904817,0.4112808460634548,0.30434782608695654,0.5987748851454824,0.21750388399792853,22.517241379310345,14.310344827586206,20.413793103448278,13.344827586206897,18.137931034482758,66.73103448275862,2004
1440_2004,0.8329411764705883,1.0505882352941178,0.47472118959107806,0.39182156133828994,0.25517241379310346,0.6197530864197531,0.23516949152542374,15.576923076923077,9.961538461538462,21.346153846153847,17.384615384615383,14.115384615384615,65.38461538461537,2004
1441_2004,0.987545529315004,1.0345435318998941,0.54,0.4447058823529412,0.32439678284182305,0.7307032590051458,0.21594289113622844,24.291666666666668,10.25,22.666666666666668,18.333333333333332,17.5,70.92500000000001,2004
1442_2004,0.9552190721649484,1.1404639175257731,0.560131195335277,0.4293002915451895,0.3616161616161616,0.7021630615640599,0.30185497470489037,22.25925925925926,8.333333333333334,21.296296296296298,17.59259259259259,14.74074074074074,68.97777777777777,2004
1443_2004,1.0987387796841268,1.0731735030110217,0.583500334001336,0.46158984635938544,0.36472945891783565,0.6187290969899666,0.2823164426059979,23.0,14.346153846153847,23.307692307692307,15.26923076923077,14.307692307692308,67.69999999999999,2004
1444_2004,1.1698670605613,0.9739044805514526,0.584411930219471,0.4631401238041643,0.37985865724381623,0.7202797202797203,0.27146464646464646,23.833333333333332,14.366666666666667,23.666666666666668,13.3,16.6,67.69999999999999,2004
1447_2004,0.9965873946891329,1.0472432547723152,0.5191693290734825,0.412779552715655,0.3254901960784314,0.6565495207667732,0.2664526484751204,22.357142857142858,13.678571428571429,27.178571428571427,15.821428571428571,10.857142857142858,66.97857142857143,2004
1448_2004,1.1611913714624973,1.0478923411834553,0.598404255319149,0.4716312056737589,0.3828264758497317,0.7131474103585658,0.2735406902428632,26.892857142857142,14.035714285714286,23.5,15.035714285714286,17.607142857142858,72.1857142857143,2004
1449_2004,1.0942398996685474,1.0512407059034306,0.5687601515971846,0.4629128316188414,0.3551912568306011,0.713527851458886,0.2394596807204257,25.133333333333333,12.4,23.0,15.2,17.133333333333333,74.42000000000003,2004
1450_2004,0.9773302785481729,1.0122995297238633,0.5221830985915493,0.397887323943662,0.3365200764818356,0.7608695652173914,0.3257248611967921,14.785714285714286,9.607142857142858,19.214285714285715,12.214285714285714,14.178571428571429,59.2357142857143,2004
1451_2004,1.0705052878965922,1.0663924794359576,0.573279052553664,0.44929681717246484,0.3957345971563981,0.7056,0.27497255762897915,23.14814814814815,9.814814814814815,22.25925925925926,13.555555555555555,13.074074074074074,63.03703703703704,2004
1452_2004,1.0243328100470959,1.0361067503924648,0.5666890080428955,0.4296246648793566,0.3469387755102041,0.6973415132924335,0.33497536945812806,17.464285714285715,9.678571428571429,21.785714285714285,13.107142857142858,14.142857142857142,63.69999999999999,2004
1453_2004,1.0172533580361276,1.0201482167670215,0.5433546552949537,0.42217484008528783,0.3601694915254237,0.7281021897810219,0.29026750142287994,20.296296296296298,9.74074074074074,22.814814814814813,13.481481481481481,14.333333333333334,63.97037037037039,2004
1454_2004,1.1131879543094496,1.0456905503634475,0.5973818646232439,0.47509578544061304,0.3767258382642998,0.7045454545454546,0.26725746268656714,23.571428571428573,11.928571428571429,23.285714285714285,15.357142857142858,14.892857142857142,68.78571428571429,2004
1455_2004,1.076775237709893,0.9741047946591141,0.5887350534927628,0.46255506607929514,0.37037037037037035,0.7367576243980738,0.28182245185533117,20.766666666666666,10.366666666666667,27.1,15.0,12.5,65.90666666666665,2004
1456_2004,1.0352831940575673,1.107500257918085,0.542367601246106,0.43302180685358255,0.3147482014388489,0.6971608832807571,0.2615844544095665,22.642857142857142,12.821428571428571,24.071428571428573,15.678571428571429,13.285714285714286,69.2357142857143,2004
1457_2004,1.025904854133882,1.0204575717225517,0.5287150035893754,0.4264178033022254,0.3169642857142857,0.6978967495219885,0.2513274336283186,20.115384615384617,12.153846153846153,21.384615384615383,14.076923076923077,15.538461538461538,63.54615384615385,2004
1458_2004,1.1405938400177265,0.9417239087081762,0.5582493702770781,0.44836272040302266,0.32954545454545453,0.7169517884914464,0.2535211267605634,21.433333333333334,11.266666666666667,21.7,9.933333333333334,14.3,60.17333333333334,2004
1459_2004,0.9763375562768296,1.117684012145325,0.5739506995336442,0.44370419720186544,0.3439153439153439,0.6282527881040892,0.3136729222520107,20.692307692307693,10.615384615384615,22.884615384615383,18.076923076923077,15.192307692307692,73.46923076923078,2004
1460_2004,1.0429769392033543,1.0610295830421617,0.5394176136363636,0.44957386363636365,0.336,0.7024647887323944,0.21105527638190955,21.037037037037038,9.703703703703704,23.85185185185185,12.74074074074074,11.74074074074074,63.599999999999994,2004
1461_2004,1.0394778732887615,1.0251512257242916,0.5452517527087317,0.4378585086042065,0.33532934131736525,0.6736672051696284,0.2572741194486983,22.107142857142858,12.5,24.214285714285715,14.928571428571429,12.964285714285714,67.30714285714285,2004
1462_2004,1.0922079142776577,0.9671961650531066,0.5781590413943355,0.4411764705882353,0.3696612665684831,0.679160419790105,0.3240103270223752,20.21212121212121,11.787878787878787,23.696969696969695,12.545454545454545,14.151515151515152,64.47878787878787,2004
1463_2004,0.9989416745061149,1.0224600188146755,0.556480811006517,0.46053584359160027,0.3308270676691729,0.667420814479638,0.23307828134196587,17.0,9.615384615384615,22.96153846153846,15.115384615384615,13.961538461538462,65.41538461538461,2004
1464_2004,0.9822419533851275,1.0876803551609322,0.5144366197183099,0.4352112676056338,0.33136094674556216,0.6752,0.18983050847457628,23.14814814814815,11.444444444444445,21.11111111111111,16.333333333333332,15.407407407407407,66.74074074074075,2004
